provision_id,manual_title,manual_year,chapter_number,chapter_title,section_number,section_title,page_number,paragraph_sequence,source_text_ar,normalized_rule_ar,rule_subject,rule_object,trigger,preconditions,required_conditions,prohibitions,exceptions,alternative_path,effect,failure_effect,responsible_actor,affected_actor,timing,duration,unit,formula,rounding_rule,evidence_level,interpretation_confidence,interpretation_status,notes
JEA-TM2025-CH03-P034-001,كتاب التعليمات الفنية,2025,3,المخططات الهندسية وتقارير استطلاع الموقع وفحوصات المواد وحماية الحفرية,1,اجراءات ادخال المخططات الهندسية للتدقيق الإلكتروني,34,001,"تقدم جميع المعاملات للمشاريع الكترونياً للتدقيق الالكتروني بحيث يتم تحميل المخططات الكترونياً (معمارية، انشائية، كهربائية، ميكانيكية) معتمدة من رؤساء الاختصاص الأربعة حسب الأصول","جميع المعاملات تُقدَّم إلكترونياً؛ المخططات تُحمَّل معتمدة من رؤساء الاختصاصات الأربعة",office,plans,electronic-submission,none,submission-of-4-discipline-plans-with-chief-approvals,paper-submission,none,none,submission-accepted,submission-rejected,office,office,at-submission,,-,-,-,DIRECT,HIGH,CONFIRMED,"Applies to DRW-P-* services. Executable via existing schema.documents[] required=true fields for architectural/structural/electrical/mechanical drawings"
JEA-TM2025-CH03-P034-002,كتاب التعليمات الفنية,2025,3,المخططات الهندسية وتقارير استطلاع الموقع وفحوصات المواد وحماية الحفرية,1,اجراءات ادخال المخططات الهندسية للتدقيق الإلكتروني,34,002,"يطلب ادخال عقود الخدمات الهندسية وحسب النماذج المعتمدة في النقابة بحيث تكون موقعة بين المكتب الهندسي والمالك المشروع وحسب التعليمات السارية","عقود الخدمات الهندسية (تكليف عمل + اتفاقية تصميم + اتفاقية إشراف) موقعة بين المكتب والمالك تُقدَّم عبر النماذج المعتمدة",office,contracts,submission,contracts-executed-by-office-and-owner,submission-of-work-assignment-form-and-design-agreement-and-supervision-agreement,none,none,none,contracts-recorded,submission-blocked,office,office,at-submission,,-,-,-,DIRECT,HIGH,CONFIRMED,"Three contracts named: تكليف عمل، اتفاقية خدمات هندسية تصميم + ملحق، اتفاقية خدمات هندسية للإشراف + ملحق. Existing repo: DrawingsDocumentsSeeder.php contains all three (work_assignment_form, design_services_agreement, supervision_services_agreement)"
JEA-TM2025-CH03-P034-003,كتاب التعليمات الفنية,2025,3,المخططات الهندسية وتقارير استطلاع الموقع وفحوصات المواد وحماية الحفرية,1,اجراءات ادخال المخططات الهندسية للتدقيق الإلكتروني,34,003,"تحميل سند تسجيل ومخطط موقع ومخطط اراضي والسجل التجاري (اذا كان المالك شركة) ومخطط طبوغرافي","تحميل: سند تسجيل + مخطط موقع + مخطط أراضي + سجل تجاري (شرطي: المالك شركة) + مخطط طبوغرافي",office,ownership-and-site-documents,submission,none,submission-of-deed-and-site-plan-and-land-plan-and-topographic-plan,none,owner-not-a-company-excludes-commercial-register,none,documents-recorded,submission-blocked,office,office,at-submission,,-,-,-,DIRECT,HIGH,CONFIRMED,"commercial_register is CONDITIONAL on owner=company. Existing DrawingsDocumentsSeeder marks it required=false with note about admin flipping per project."
JEA-TM2025-CH03-P034-004,كتاب التعليمات الفنية,2025,3,المخططات الهندسية وتقارير استطلاع الموقع وفحوصات المواد وحماية الحفرية,1,اجراءات ادخال المخططات الهندسية للتدقيق الإلكتروني,34,004,"تحميل المذكرات الحسابية للمشروع (إنشائية، كهربائية، ميكانيك) للمشاريع التي تزيد مساحتها عن 250 م²","تحميل مذكرات حسابية (3 اختصاصات) شرطي: مساحة المشروع > 250 م²",office,calculation-notes,area-threshold-exceeded,total-project-area-greater-than-250-m2,submission-of-structural-electrical-mechanical-calculation-notes,none,area-le-250,none,documents-recorded,submission-blocked,office,office,at-submission,,area,area-m2>250,-,DIRECT,HIGH,CONFIRMED_WITH_CONDITION,"Conditional threshold. Existing DrawingsDocumentsSeeder has calculation_notes with note قيدها 250 م². Verify condition trigger implementation."
JEA-TM2025-CH03-P034-005,كتاب التعليمات الفنية,2025,3,المخططات الهندسية وتقارير استطلاع الموقع وفحوصات المواد وحماية الحفرية,1,اجراءات ادخال المخططات الهندسية للتدقيق الإلكتروني,34,005,"تحميل تقرير استطلاع الموقع (فحص التربة) مدقق فنياً ومحدد فيه توصيات حماية الحفرية ومصادقاً عليه من النقابة (يقوم باعداد التقرير مكتب استطلاع موقع مؤهل ومسجل لدى نقابة المهندسين الأردنيين)","تقرير استطلاع الموقع (يشمل توصيات حماية الحفرية) مدقق فنياً ومصادق من النقابة؛ معد من مكتب استطلاع مؤهل ومسجل",office,site-investigation-report,submission,report-prepared-by-qualified-registered-survey-office,submission-of-technically-audited-report-with-excavation-recommendations-and-JEA-stamp,none,none,none,documents-recorded,submission-blocked,office,site-survey-office,at-submission,,-,-,-,DIRECT,HIGH,CONFIRMED,"Cross-refs the DRW-P-* input side to SRV-001..006 output side. The site_investigation_report is a DELIVERABLE of SRV-* and an INPUT to DRW-P-*. Existing repo: DrawingsDocumentsSeeder includes it as required=true document."
JEA-TM2025-CH03-P034-006,كتاب التعليمات الفنية,2025,3,المخططات الهندسية وتقارير استطلاع الموقع وفحوصات المواد وحماية الحفرية,1,اجراءات ادخال المخططات الهندسية للتدقيق الإلكتروني,34,006,"تحميل دراسة انشائية وسلامة منشأة للأبنية القائمة وحسب التعليمات السارية","للأبنية القائمة: تحميل دراسة إنشائية + سلامة منشأة",office,existing-building-safety-study,building-is-existing,building-classified-as-existing,submission-of-structural-safety-study,none,proposed-building,none,documents-recorded,submission-blocked,office,office,at-submission,,-,-,-,DIRECT,HIGH,CONFIRMED_WITH_CONDITION,"Trigger = building.status=existing. Applies to DRW-P-002/003/008/009/010. NOT SRV-001. Existing repo: safety_study document conditional on status=existing."
JEA-TM2025-CH03-P034-007,كتاب التعليمات الفنية,2025,3,المخططات الهندسية وتقارير استطلاع الموقع وفحوصات المواد وحماية الحفرية,1,اجراءات ادخال المخططات الهندسية للتدقيق الإلكتروني,34,007,"يجب ان تكون المعاملة بمقاس واحد طوليا وعرضيا","معاملة موحَّدة القياس طولياً وعرضياً",office,submission,submission,none,uniform-longitudinal-and-transverse-dimensions,none,none,none,submission-accepted,submission-rejected,office,office,at-submission,,-,-,-,DIRECT,MEDIUM,REFERENCE_ONLY,"Applies to physical paper submission historically; unclear how electronic submission reads this. Not currently enforced by any executable rule."
JEA-TM2025-CH03-P034-008,كتاب التعليمات الفنية,2025,3,المخططات الهندسية وتقارير استطلاع الموقع وفحوصات المواد وحماية الحفرية,1,اجراءات ادخال المخططات الهندسية للتدقيق الإلكتروني,34,008,"لا يسمح باضافة اية معلومات او تعديلات بعد طباعة المخططات كشطاً او كتابة عليها وان تكون جميع النسخ خالية من العيوب الكتابية","لا كشط ولا تعديل بعد الطباعة؛ نسخ نظيفة من العيوب الكتابية",office,printed-plans,after-print,plans-printed,submission-of-clean-copies,post-print-erasures-or-additions-or-writing,none,none,submission-accepted,submission-rejected,office,office,at-submission,,-,-,-,PROHIBITION,MEDIUM,REFERENCE_ONLY,"Cannot be enforced electronically for PDF uploads without image analysis. Reviewer guidance only."
JEA-TM2025-CH03-P034-009,كتاب التعليمات الفنية,2025,3,المخططات الهندسية وتقارير استطلاع الموقع وفحوصات المواد وحماية الحفرية,1,اجراءات ادخال المخططات الهندسية للتدقيق الإلكتروني,34,009,"يجب ان تحوي لوحة الغلاف على اسماء رؤساء الاختصاصات وأختام المكاتب وارقامها واما الصفحات الداخلية فتحمل اسم المصمم والمدقق","لوحة الغلاف: أسماء رؤساء الاختصاصات + أختام المكاتب + الأرقام. الصفحات الداخلية: اسم المصمم + المدقق",office,cover-and-inner-pages,submission,plans-being-prepared,cover-carries-specialty-heads-plus-office-stamps-plus-numbers-and-inner-pages-carry-designer-name-and-auditor-name,none,none,none,plans-accepted,plans-rejected,office,office,at-submission,,-,-,-,DOCUMENT_CONTENT_REQUIREMENT,HIGH,CONFIRMED,"Document-content requirement (analogous to JORD-89 cadastral content). Reviewer-verified. Not applicant-enterable field."
JEA-TM2025-CH03-P034-010,كتاب التعليمات الفنية,2025,3,المخططات الهندسية وتقارير استطلاع الموقع وفحوصات المواد وحماية الحفرية,1,اجراءات ادخال المخططات الهندسية للتدقيق الإلكتروني,34,010,"يجب ان تحوي جميع الصفحات الداخلية رقم القطعة واسم ورقم الحوض واسم مالك المشروع","الصفحات الداخلية للتقرير تحوي: رقم القطعة + اسم الحوض + رقم الحوض + اسم مالك المشروع",office,inner-pages-content,submission,plans-being-prepared,each-inner-page-carries-parcel-number-plus-basin-name-plus-basin-number-plus-project-owner-name,none,none,none,plans-accepted,plans-rejected,office,office,at-submission,,-,-,-,DOCUMENT_CONTENT_REQUIREMENT,HIGH,CONFIRMED,"This is the origin of JORD-89 cadastral identification content rule. Existing repo: attached to basin_number/parcel_number/basin_or_location_name/contract_owner_name fields on SRV-001. Applies to DRW-P-* as well."
JEA-TM2025-CH03-P036-001,كتاب التعليمات الفنية,2025,3,المخططات الهندسية وتقارير استطلاع الموقع وفحوصات المواد وحماية الحفرية,6,استطلاع الموقع,36,001,"يكون استطلاع الموقع الزامي لكافة المباني المقترحة في كل مناطق المملكة","استطلاع الموقع إلزامي على جميع الأبنية المقترحة في كافة مناطق المملكة",owner-and-office,site-survey,proposed-building,building-classified-as-proposed,mandatory-site-survey-report-obtained,none,existing-buildings-are-out-of-this-clause,see-p239-existing-building-rule,site-survey-report-required-before-plan-approval,plan-approval-blocked,office,office,before-drawings-approval,,-,-,-,DIRECT,HIGH,CONFIRMED,"CRITICAL: applies to SRV-001 (proposed buildings) as SERVICE_APPLICABILITY. Does NOT establish applicability for SRV-002 (existing buildings) — those follow p.239 rules."
JEA-TM2025-CH03-P036-002,كتاب التعليمات الفنية,2025,3,المخططات الهندسية وتقارير استطلاع الموقع وفحوصات المواد وحماية الحفرية,6,استطلاع الموقع,36,002,"جميع المباني التي تزيد مساحتها الاجمالية (افقي او عمودي) عن 100 م² في عمان ومراكز المحافظات","التزام استطلاع الموقع للأبنية >100م² (أفقي أو عمودي) في عمان + مراكز المحافظات",owner-and-office,site-survey,area-threshold-in-governorate-center,building-in-Amman-or-governorate-center-AND-total-horizontal-or-vertical-area-gt-100-m2,site-survey-mandatory,none,area-le-100-m2,none,site-survey-report-required,plan-approval-blocked,office,office,before-drawings-approval,,area,total_area>100_m2,-,DIRECT,HIGH,CONFIRMED,"SRV-001 applicability threshold #1. Note the area is horizontal OR vertical — clarify which for multi-story."
JEA-TM2025-CH03-P036-003,كتاب التعليمات الفنية,2025,3,المخططات الهندسية وتقارير استطلاع الموقع وفحوصات المواد وحماية الحفرية,6,استطلاع الموقع,36,003,"جميع المباني التي تزيد مساحتها الاجمالية (افقي او عمودي) عن 150 م² خارج مراكز المحافظات","استطلاع الموقع للأبنية >150م² خارج مراكز المحافظات",owner-and-office,site-survey,area-threshold-outside-governorate-center,building-outside-governorate-center-AND-total-horizontal-or-vertical-area-gt-150-m2,site-survey-mandatory,none,area-le-150-m2,none,site-survey-report-required,plan-approval-blocked,office,office,before-drawings-approval,,area,total_area>150_m2,-,DIRECT,HIGH,CONFIRMED,"SRV-001 applicability threshold #2. Combined with p.036-002 gives geo-conditional trigger."
JEA-TM2025-CH03-P036-004,كتاب التعليمات الفنية,2025,3,المخططات الهندسية وتقارير استطلاع الموقع وفحوصات المواد وحماية الحفرية,6,استطلاع الموقع,36,004,"تحسم مساحات (البروزات المعمارية التجميلية + مكرر الدرج على السطح + المظلات) عند احتساب المساحات الاجمالية لغايات تقرير استطلاع الموقع","تحسم من المساحات: البروزات المعمارية التجميلية + مكرر الدرج على السطح + المظلات",office,area-calculation,area-computation,computing-total-area-for-site-survey-purposes,exclude-decorative-projections-plus-stair-roof-repeats-plus-canopies,none,none,none,adjusted-area-used-for-threshold-check,incorrect-threshold-application,office,office,at-area-calculation,,area,total_area=raw_area-decorative_projections-stair_roof-canopies,-,DIRECT,HIGH,CONFIRMED,"Definition rule affecting p.036-002/003 area check. Executable if implemented as a derived field."
JEA-TM2025-CH03-P036-005,كتاب التعليمات الفنية,2025,3,المخططات الهندسية وتقارير استطلاع الموقع وفحوصات المواد وحماية الحفرية,6,استطلاع الموقع,36,005,"يكون الحد الأدنى لعدد الطوابق لاغراض استطلاع الموقع هو الحد الاقصى المسموح به حسب التنظيم بالإضافة الى طوابق التسوية وطوابق السدد وطابق الروف الذي لا يزيد مساحته عن 50م² ان وجدت عدا الهناجر والمنشات الزراعية التي لا يمكن البناء فوقها ولا يوجد ضمنها تسويات او أقبية","عدد الطوابق لأغراض الاستطلاع = الحد الأقصى المسموح للتنظيم + طوابق التسوية + طوابق السدد + طابق روف (≤50م² للاستثناء) — يستثنى الهناجر/الزراعي بلا تسوية أو قبو",office,floor-count-for-survey,floor-count-calculation,computing-floor-count-for-survey-purposes,include-regulation-max-plus-basements-plus-mezzanines-plus-roof-floor-if-area-le-50-m2,none,hangars-or-agricultural-without-basement-or-cellar-are-excluded,none,adjusted-floor-count-used-in-p230-232-matrix,wrong-matrix-cell-selected,office,office,at-floor-count-calculation,,floor,floor_count=max_regulation+basement+mezzanine+roof_if_area_le_50,-,DIRECT,HIGH,CONFIRMED,"CRITICAL: this is the input rule for the pp230-232 exploration matrix. floor_count is NOT the visible architectural floor count — it's the DERIVED value including basements, mezzanines, roof-if-small. Executable as derived field."
JEA-TM2025-CH03-P036-006,كتاب التعليمات الفنية,2025,3,المخططات الهندسية وتقارير استطلاع الموقع وفحوصات المواد وحماية الحفرية,6,استطلاع الموقع,36,006,"توقيع اتفاقية (عقد) بين المالك شخصياً او من ينوب عنه او المكتب المصمم كطرف اول وبين مكتب استطلاع الموقع كطرف ثان حسب نماذج النقابة يحدد به تاريخ العقد وبدل الأتعاب وتوقيع الفريقين مع الأخذ بعين الاعتبار جميع البنود الواردة في الاتفاقية واية شروط خاصة اضافية يتفق عليها الطرفان مع عدم تناقضها مع تعليمات النقابة المعتمد من هذا العقد في النظام الإلكتروني المعتمد لدى النقابة والإحتفاظ بالأصول العقود لدى المكتب لإبراز الطلب","عقد استطلاع الموقع: توقيع بين (المالك شخصياً / مندوب / المكتب المصمم) كطرف أول والمكتب المستطلع كطرف ثان؛ نموذج النقابة؛ تاريخ + أتعاب + توقيعان؛ لا تناقض مع تعليمات النقابة؛ رفع نسخة على النظام الإلكتروني؛ الأصل يبقى في المكتب",owner-representative-or-designer-and-survey-office,survey-contract,submission,parties-executed-agreement-on-JEA-form,upload-signed-copy-to-electronic-system-and-retain-original-at-office,any-clause-contradicting-JEA-instructions,none,none,contract-recorded,submission-blocked,owner-representative-office,survey-office,before-report-submission,,-,-,-,DIRECT,HIGH,CONFIRMED,"CRITICAL: this is the source rule for the survey_contract document. Applies to SRV-001 (proposed) AND SRV-002 (existing) AND likely SRV-003..006. Existing repo: JORD-85-srv linked to SRV-001.survey_contract."
JEA-TM2025-CH03-P036-007,كتاب التعليمات الفنية,2025,3,المخططات الهندسية وتقارير استطلاع الموقع وفحوصات المواد وحماية الحفرية,6,استطلاع الموقع,36,007,"تقديم تقرير مساح مرخص او تقرير من المكتب المتعاقد من قبله موضحاً حدود القطعة وابعادها وطبوغرافيتها ومحيط القطعة من اسوار او ابنية او شوارع او خدمات","تقديم تقرير مساح مرخص (أو من المكتب المتعاقد) يوضح: حدود القطعة + أبعاد + طبوغرافيا + محيط القطعة (أسوار/أبنية/شوارع/خدمات)",office-or-licensed-surveyor,parcel-survey-report,submission,none,submission-of-licensed-surveyor-report-with-parcel-boundaries-dimensions-topography-and-surroundings,none,none,none,parcel-info-recorded,submission-blocked,office-or-surveyor,office,at-submission,,-,-,-,DIRECT,HIGH,CONFIRMED,"New document candidate: licensed_surveyor_report OR parcel_survey_map. Not currently in SRV-001 schema. Cross-check needed for DRW-P-* which lists site_plan + topographic_plan."
JEA-TM2025-CH03-P036-008,كتاب التعليمات الفنية,2025,3,المخططات الهندسية وتقارير استطلاع الموقع وفحوصات المواد وحماية الحفرية,6,استطلاع الموقع,36,008,"اضافة مخطط موقع عام مفصل داخل التقرير يحتوي على موقع البناء بالنسبة للقطعة وحد الحفر وحدود القطعة وأبعادها وطبوغرافيا ومحيط القطعة","مخطط موقع عام مفصل داخل التقرير يشمل: موقع البناء داخل القطعة + حد الحفر + حدود القطعة + أبعاد + طبوغرافيا + محيط",office,internal-site-plan,report-preparation,preparing-report,inclusion-of-detailed-general-site-plan-showing-building-location-plus-excavation-limit-plus-boundaries-plus-dimensions-plus-topography-plus-surroundings,none,none,none,report-content-complete,report-rejected,office,office,at-report-preparation,,-,-,-,DOCUMENT_CONTENT_REQUIREMENT,HIGH,CONFIRMED,"Report internal-content requirement. Applies to site_investigation_report document."
JEA-TM2025-CH03-P036-009,كتاب التعليمات الفنية,2025,3,المخططات الهندسية وتقارير استطلاع الموقع وفحوصات المواد وحماية الحفرية,6,استطلاع الموقع,36,009,"إرسال تقرير استطلاع الموقع للنقابة مباشرة ليتم تدقيقه واجازته حسب الاصول","إرسال تقرير استطلاع الموقع مباشرة إلى النقابة للتدقيق والإجازة",office,site-investigation-report,submission,report-ready,direct-submission-to-JEA-for-audit-and-approval,submission-via-intermediary-office,none,none,report-enters-audit,delay-in-approval,office,office,at-report-submission,,-,-,-,WORKFLOW_CONDITION,HIGH,CONFIRMED,"Origin of JORD-86. Direct-submission channel. Applies to SRV-001..006 site-survey report path."
JEA-TM2025-CH03-P037-001,كتاب التعليمات الفنية,2025,3,المخططات الهندسية وتقارير استطلاع الموقع وفحوصات المواد وحماية الحفرية,6,استطلاع الموقع,37,001,"المحافظة على الآبار السبرية المحفورة والعينات لمدة عشرة ايام من تاريخ احضار التقرير الى النقابة من أجل التدقيق وللنقابة الحق خلال هذه المدة الكشف على هذه الآبار والعينات المستخرجة على أنه وفي الحالات الاستثنائية مثل رغبة المالك بإجراء حفريات التسوية المستعجلة تعلم النقابة قبل يومين من اجراء هذه الحفريات ليتسنى لها القيام بالكشف بالطلب إن لزم الأمر","الآبار والعينات: تُحفظ 10 أيام من تاريخ إحضار التقرير للنقابة؛ للنقابة الحق بالكشف خلال المدة. استثناء: حفريات التسوية المستعجلة تُعلَم النقابة قبل يومين",owner-and-survey-office,boreholes-and-samples,post-report-submission,report-submitted,retain-boreholes-and-samples-for-10-days-from-report-submission,premature-destruction,expedited-settlement-excavations-notify-JEA-2-days-prior,none,JEA-may-inspect,inspection-blocked-plus-possible-sanction,office,office-and-JEA,post-submission,10-days,day,-,-,DIRECT,HIGH,CONFIRMED,"Origin of JORD-88 (10-day retention). Applies to SRV-001..006. Exception path for expedited settlement excavations = 2-day pre-notice. Existing repo: JORD-88 does not currently include the 2-day exception."
JEA-TM2025-CH03-P037-002,كتاب التعليمات الفنية,2025,3,المخططات الهندسية وتقارير استطلاع الموقع وفحوصات المواد وحماية الحفرية,6,استطلاع الموقع,37,002,"التوقيع على التقرير من قبل رئيس الاختصاص في المكتب مع ذكر الاسم ورقم التسجيل ويتحمل المهندس والمكتب مسؤولية ما ورد في التقرير","توقيع التقرير من رئيس الاختصاص مع الاسم ورقم التسجيل؛ المهندس والمكتب يتحملان المسؤولية عن محتواه",office-and-specialty-head,site-investigation-report,report-preparation,report-ready-for-signature,signature-by-specialty-head-with-explicit-name-and-registration-number,none,none,none,report-carries-personal-and-office-liability,report-rejected,specialty-head-and-office,office-plus-engineer,at-report-signing,,-,-,-,DOCUMENT_CONTENT_REQUIREMENT + RESPONSIBILITY_RULE + REVIEW_RULE,HIGH,CONFIRMED,"Origin of JORD-87. Applies to SRV-001 (existing repo) and should extend to SRV-002..006. Reviewer verifies signature block."
JEA-TM2025-CH03-P037-003,كتاب التعليمات الفنية,2025,3,المخططات الهندسية وتقارير استطلاع الموقع وفحوصات المواد وحماية الحفرية,6,استطلاع الموقع,37,003,"على المالك و/أو المكتب المشرف اعلام مكتب استطلاع الموقع خطياً عند انتهاء حفريات الأساسات وعلى مكتب استطلاع الموقع الكشف على الموقع حالاً والتأكد من ان توصياته منسجمة مع الواقع وإجراء التغييرات اللازمة عند الضرورة وإعلام النقابة بذلك","المالك و/أو المكتب المشرف يعلمان مكتب الاستطلاع خطياً عند انتهاء حفريات الأساسات؛ المكتب يكشف حالاً؛ يعدل التوصيات إن لزم؛ يعلم النقابة",owner-or-supervising-office,foundation-excavation-completion-notification,post-foundation-excavation,foundation-excavation-complete,written-notification-to-survey-office-and-site-inspection-and-recommendation-adjustment-and-JEA-notification,none,none,none,recommendations-verified-or-revised,recommendations-remain-unverified,owner-or-supervising-office,survey-office-and-JEA,post-foundation-excavation,,-,-,-,POST_SUBMISSION_OBLIGATION,HIGH,CONFIRMED,"Post-submission workflow rule. Not yet represented in any JORD or existing schema. Involves 3 actors: owner/supervisor, survey office, JEA."
JEA-TM2025-CH03-P037-004,كتاب التعليمات الفنية,2025,3,المخططات الهندسية وتقارير استطلاع الموقع وفحوصات المواد وحماية الحفرية,6,استطلاع الموقع,37,004,"في حال تعذر دخول اليات الحفر الى داخل الموقع لسبب ما يجب فتح طريق التنفيذ الموقع ان امكن وان تعذر ذلك يمكن ادخال المعاملة الى النقابة بعقد مؤجل التنفيذ وحسب التعليمات التالية (احضار كتاب من مكتب استطلاع الموقع بمعلومات القطعة وتحديد طبيعة العوائق وارفاق مخطط طبوغرافي للموقع وصور ومخطط موقع عام ووصف للموقع من حيث الأبنية المجاورة والخدمات والشوارع المحيطة، المناسيب وتأثير أعمال الحفر على الجوار)","إذا تعذر دخول آليات الحفر: فتح طريق التنفيذ إن أمكن؛ إذا تعذر يُقدَّم عقد مؤجل مع (1) طلب تصريح حفر مؤقت/جزئي من الأمانة (2) كتاب من مكتب الاستطلاع + طبيعة العوائق + مخطط طبوغرافي + صور + مخطط موقع + وصف الأبنية المجاورة والخدمات والشوارع والمناسيب وتأثير الحفر على الجوار",owner-and-survey-office,deferred-execution-contract-path,drilling-access-blocked,machinery-cannot-enter-site,submission-of-deferred-contract-with-full-documentation-package,none,successful-machinery-access-obviates-this-path,partial-excavation-permit-from-Amanah-when-possible,application-may-enter-deferred-execution-path,application-blocked-until-obstacles-cleared,office,office-and-Amanah-and-JEA,at-site-access-blockage,,-,-,-,ALTERNATIVE_PATH,HIGH,CONFIRMED,"CRITICAL: This is the SRV-003 (deferred site survey) trigger + the SRV-004 (deferred contract) domain. Extensive documentation package required. Multiple actors."
JEA-TM2025-CH03-P037-005,كتاب التعليمات الفنية,2025,3,المخططات الهندسية وتقارير استطلاع الموقع وفحوصات المواد وحماية الحفرية,6,استطلاع الموقع,37,005,"الكشف على الموقع من خلال النقابة وبحضور ممثل المكتب او تقديم صور واضحة لتقييم الوضع من حيث (التأكد من طبيعة العوائق وبيان إمكانية فتح طريق للوصول للموقع، طبوغرافية الموقع وأي عوائق اخرى، تحديد إمكانية عمل حفر تجريبية وأبار سبرية في محيط الموقع)","الكشف على الموقع من خلال النقابة بحضور ممثل المكتب أو صور واضحة تُقيِّم: طبيعة العوائق + طريق الوصول + طبوغرافيا + إمكانية حفر تجريبي/سبري في المحيط",office-and-JEA,site-inspection-for-deferred-case,drilling-access-blocked,site-access-blocked-and-deferred-contract-being-considered,JEA-site-inspection-with-office-representative-or-photographic-evaluation-of-obstacles-access-topography-and-alternative-drilling-feasibility,none,none,none,inspection-report-forms-deferred-approval-basis,deferred-approval-blocked,office-and-JEA,office,at-deferred-consideration,,-,-,-,WORKFLOW_CONDITION,HIGH,CONFIRMED,"Deferred-case workflow — feeds SRV-003 or the deferred variant of SRV-001."
JEA-TM2025-CH03-P038-001,كتاب التعليمات الفنية,2025,3,المخططات الهندسية وتقارير استطلاع الموقع وفحوصات المواد وحماية الحفرية,6,استطلاع الموقع,38,001,"وضع تأمينات بضعف قيمة العقد المؤجل لدى النقابة","تأمينات = 2 × قيمة العقد المؤجل تُودَع لدى النقابة",owner,deposit,deferred-contract-execution,deferred-contract-approved,deposit-of-2x-contract-value,none,none,none,application-progresses,application-blocked,owner,JEA,at-deferred-approval,,JOD,deposit=contract_value*2,-,DIRECT,HIGH,CONFIRMED,"Executable calculation. 2x multiplier is unambiguous. Cross-service impact: SRV-003/004 domain. Currently no fee/deposit calculator implements this."
JEA-TM2025-CH03-P038-002,كتاب التعليمات الفنية,2025,3,المخططات الهندسية وتقارير استطلاع الموقع وفحوصات المواد وحماية الحفرية,6,استطلاع الموقع,38,002,"إرفاق التعهدات من قبل المالك مصادقاً على توقيعه من البنك أو التوقيع أمام موظف النقابة والمكتب الهندسي المشرف بضرورة انجاز أعمال استطلاع الموقع عند إزالة العوائق وتعديل المخططات الهندسية في حال أي اختلاف تتطلب إعادة التصميم في التقرير النهائي","تعهدات المالك (مصادقة بنك أو أمام موظف النقابة) + المكتب المشرف: بإنجاز أعمال الاستطلاع عند إزالة العوائق وتعديل المخططات إن لزم",owner-and-supervising-office,written-undertakings,deferred-contract-execution,deferred-contract-approved,submission-of-bank-certified-or-JEA-witnessed-undertakings-covering-post-clearance-execution-and-plan-modification,none,none,none,undertakings-recorded,application-blocked,owner-and-office,JEA,at-deferred-approval,,-,-,-,DOCUMENT_REQUIREMENT,HIGH,CONFIRMED,"Additional document type for deferred case: owner_undertaking + office_undertaking. Not yet in SRV schema."
JEA-TM2025-CH03-P038-003,كتاب التعليمات الفنية,2025,3,المخططات الهندسية وتقارير استطلاع الموقع وفحوصات المواد وحماية الحفرية,6,استطلاع الموقع,38,003,"في حال عدم تطابق تقرير استطلاع الموقع مع مخططات التصميم للأبنية القائمة يتم تقديم دراسة إنشائية لتحديد العمق الذي يمكن عنده اهمال تأثير المنشأ على مواد التأسيس وحسب ما هو وارد في كود استطلاع الموقع وتقديم عقد بفرق الأمتار وبالسعر المعتمد","للأبنية القائمة: إذا لم يتطابق تقرير الاستطلاع مع المخططات التصميمية → تقديم دراسة إنشائية تحدد عمق إهمال تأثير المنشأ على مواد التأسيس (وفق كود الاستطلاع) + عقد بفرق الأمتار بالسعر المعتمد",office,structural-study-and-supplementary-contract,report-design-nonconformance,building-is-existing-AND-report-does-not-match-design-drawings,submission-of-structural-study-plus-supplementary-contract-for-depth-difference,none,none,none,application-proceeds-with-additional-documents,application-blocked,office-and-structural-engineer,office-and-JEA,at-nonconformance-detection,,-,-,-,CONDITIONAL_DOCUMENT + REVIEWER_FINDING,HIGH,CONFIRMED,"CRITICAL / Case A verification: trigger = REPORT_DESIGN_NONCONFORMANCE for EXISTING BUILDINGS. NOT exploration-shortfall. Applies to SRV-002. Depth-difference contract fee = 'السعر المعتمد' — UNRESOLVED which schedule."
JEA-TM2025-CH03-P038-004,كتاب التعليمات الفنية,2025,3,المخططات الهندسية وتقارير استطلاع الموقع وفحوصات المواد وحماية الحفرية,6,استطلاع الموقع,38,004,"يتحمل مكتب استطلاع الموقع المسؤولية الواردة في تقرير فحص الموقع التي تشمل موقع البناء كاملاً وليس جزئياً وعليه أن يتصرف من خلال هذا المفهوم","مكتب استطلاع الموقع يتحمل مسؤولية التقرير لكامل موقع البناء (لا يجزّأ)",survey-office,site-survey-scope,report-preparation,report-covers-any-portion-of-site,report-must-cover-full-site-scope,partial-scope-coverage,none,none,report-liability-covers-full-site,liability-question-on-partial-report,survey-office,survey-office,at-report-preparation,,-,-,-,RESPONSIBILITY_RULE,HIGH,CONFIRMED,"Reviewer-verified. Not a form field or executable rule. Contract-scope guarantee."
JEA-TM2025-CH03-P038-005,كتاب التعليمات الفنية,2025,3,المخططات الهندسية وتقارير استطلاع الموقع وفحوصات المواد وحماية الحفرية,6,استطلاع الموقع,38,005,"في حالة عدم تطابق تقرير استطلاع الموقع مع مخططات التصميم للأبنية المقترحة من حيث عدد الأبار أو الأعماق يتم اضافة الأبار المطلوبة حسب متطلبات كود استطلاع الموقع وتعليمات نقابة المهندسين بهذا الخصوص اما بالنسبة لفرق الأعماق فيعاد حفر بنر سبري او اكثر لمجموع الأعماق الزائدة وحسب كود استطلاع الموقع","للأبنية المقترحة: إذا لم يتطابق تقرير الاستطلاع مع المخططات في عدد الآبار أو الأعماق → إضافة آبار حسب الكود؛ فرق الأعماق → إعادة حفر بئر سبري أو أكثر لمجموع الأعماق الزائدة",office,exploration-shortfall-remediation,report-design-nonconformance-in-proposed-building,building-is-proposed-AND-report-does-not-match-design-drawings-in-well-count-or-depths,drill-additional-wells-per-code-and-additional-well-for-cumulative-depth-difference,none,none,none,exploration-brought-into-conformance,report-remains-non-conforming,office,office-and-survey-office,at-nonconformance-detection,,-,-,-,CALCULATION_RULE,HIGH,CONFIRMED,"CRITICAL: applies to PROPOSED buildings (SRV-001) — DIFFERENT rule from p.038-003 which applies to EXISTING (SRV-002). Executable if code cross-referenced."
JEA-TM2025-CH03-P040-001,كتاب التعليمات الفنية,2025,3,المخططات الهندسية وتقارير استطلاع الموقع وفحوصات المواد وحماية الحفرية,8,فحص المواد,40,001,"يطلب تقديم عقد فحص مواد من خلال مكتب فحص مواد مسجل لدى النقابة لجميع المشاريع الانشائية الخاضعة للاشراف الكلي وذلك عند تسجيل المهندس المقيم على المشروع","عقد فحص مواد من مكتب فحص مواد مسجل بالنقابة لجميع المشاريع الإنشائية تحت الإشراف الكلي؛ يتم عند تسجيل المهندس المقيم",office,materials-testing-contract,resident-engineer-registration,project-under-total-supervision-AND-resident-engineer-being-registered,submission-of-materials-testing-contract-from-JEA-registered-office,contract-from-non-registered-office,none,none,resident-engineer-registration-completes,resident-engineer-registration-blocked,office,materials-testing-office,at-resident-engineer-registration,,-,-,-,DOCUMENT_REQUIREMENT,HIGH,CONFIRMED,"Direct trigger for SRV-008 or SRV-009 contract flow. Currently: existing repo has SRV-008/009 but this contract requirement not tied to resident-engineer trigger."
JEA-TM2025-CH03-P040-002,كتاب التعليمات الفنية,2025,3,المخططات الهندسية وتقارير استطلاع الموقع وفحوصات المواد وحماية الحفرية,9,حماية الحفرية,40,002,"اعتماد الحد الأدنى لأتعاب التصميم (3.5 دينار) للمتر المربع من اعمال التدعيم","الحد الأدنى لأتعاب تصميم أعمال تدعيم الحفرية = 3.5 JOD / م²",office,excavation-shoring-design-fee,fee-calculation,design-of-excavation-shoring,fee-minimum-of-3.5-per-m2,none,none,none,fee-calculated,fee-below-minimum-rejected,office,office,at-fee-calculation,,JOD_per_m2,fee_per_m2=3.5_min,-,DIRECT,HIGH,CONFIRMED,"Executable fee rule for SRV-007 (excavation support design). Existing repo: ExcavationFeeSeeder applies 3.5 JOD/m². CONFIRMED alignment."
JEA-TM2025-CH03-P040-003,كتاب التعليمات الفنية,2025,3,المخططات الهندسية وتقارير استطلاع الموقع وفحوصات المواد وحماية الحفرية,9,حماية الحفرية,40,003,"اعتماد الحد الأدنى للدعم المكتبي للإشراف (2.5 دينار) للمتر المربع من اعمال التدعيم بالإضافة إلى رواتب الإشراف وحسب سلم رواتب","الحد الأدنى للدعم المكتبي لإشراف أعمال التدعيم = 2.5 JOD / م² + رواتب الإشراف",office,excavation-shoring-supervision-fee,fee-calculation,supervision-of-excavation-shoring,fee-minimum-of-2.5-per-m2-plus-supervision-salaries,none,none,none,supervision-fee-calculated,fee-below-minimum-rejected,office,office,at-fee-calculation,,JOD_per_m2,supervision_fee_per_m2=2.5_min+salaries,-,DIRECT,HIGH,CONFIRMED,"Executable. Supervision component of SRV-012."
JEA-TM2025-CH03-P040-004,كتاب التعليمات الفنية,2025,3,المخططات الهندسية وتقارير استطلاع الموقع وفحوصات المواد وحماية الحفرية,9,حماية الحفرية,40,004,"يتم استيفاء رسوم بدل اتعاب لجان التدقيق بقيمة (500 فلس) عن كل م² من المساحة المراد تدعيمها وبحد اقصى (5000) دينار بالإضافة للرسوم المحددة حسب النظام الداخلي","رسم بدل أتعاب لجان تدقيق التدعيم = 500 فلس / م² (بحد أقصى 5000 JOD) + رسوم النظام الداخلي",office,excavation-shoring-audit-fee,fee-calculation,supervision-committee-audit,fee-of-0.5-JOD-per-m2-shored-capped-at-5000-JOD,none,none,none,audit-fee-calculated,audit-fee-underpaid,office,JEA,at-audit-fee-calculation,,JOD,audit_fee=min(area_shored_m2*0.5, 5000)+bylaws_fees,-,DIRECT,HIGH,CONFIRMED,"Executable formula with explicit min-cap. SRV-007 / SRV-012 relevant."
JEA-TM2025-CH03-P041-001,كتاب التعليمات الفنية,2025,3,المخططات الهندسية وتقارير استطلاع الموقع وفحوصات المواد وحماية الحفرية,9,حماية الحفرية,41,001,"إيداع تأمينات مقدارها 2000 دينار الفا دينار من أجل التقيد بإعداد الدراسة والإشراف عليها عند التنفيذ و تعيين المهندس المشرف ويتم استعادة التأمينات المودعة بعد الانتهاء من اعمال التدعيم حسب الأصول","تأمينات 2000 JOD لضمان إعداد الدراسة والإشراف عند التنفيذ + تعيين المهندس المشرف؛ تُستعاد بعد الانتهاء",office,shoring-deposit,shoring-design-and-supervision-commitment,office-committing-to-shoring-design-and-supervision,deposit-of-2000-JOD-at-JEA,none,none,released-after-completion,application-progresses,deposit-not-paid,office,JEA,at-shoring-commitment,-,JOD,deposit=2000_JOD_fixed,-,DIRECT,HIGH,CONFIRMED,"Fixed deposit. Impacts SRV-007 / SRV-012 / FIN-005."
JEA-TM2025-CH03-P041-002,كتاب التعليمات الفنية,2025,3,المخططات الهندسية وتقارير استطلاع الموقع وفحوصات المواد وحماية الحفرية,9,حماية الحفرية,41,002,"يتطلب تعيين مهندس للاشراف على اعمال الحفريات العميقة للمشاريع ذات المساحة الاكبر من 10000م² وتعتمد توصية مكتب استطلاع الموقع بخصوص مدى الحاجة لمهندس اشراف متخصص لباقي المشاريع","تعيين مهندس إشراف على الحفريات العميقة إلزامي للمشاريع >10000م²؛ لباقي المشاريع يعتمد توصية مكتب الاستطلاع",office,supervising-engineer-appointment,area-threshold-or-recommendation,project-area-gt-10000_m2-OR-survey-office-recommends,appointment-of-specialized-supervising-engineer,none,area-le-10000-without-recommendation,none,supervision-arranged,unsupervised-execution,office,supervising-engineer,at-project-registration,,area,area_gt_10000_m2 OR survey_recommendation,-,DIRECT,HIGH,CONFIRMED,"Conditional appointment trigger. Large project = SRV-004 / DRW-P-005 territory. Also affects SRV-007/012."
JEA-TM2025-CH03-P043-001,كتاب التعليمات الفنية,2025,3,المخططات الهندسية وتقارير استطلاع الموقع وفحوصات المواد وحماية الحفرية,10,أماكن تدقيق المخططات الهندسية,43,001,"يتم تدقيق المشاريع في الاقسام الهندسية في الفروع حسب المساحات التالية (يذكر الجدول: عمان الزرقاء اربد لغاية 10000م² وأكثر تدقق في عمان مأدبا لغاية 3500م² السلط لغاية 3000م² الكرك لغاية 1500م² المفرق العقبة تقل عن 1000م² لغير مشاريع الزرقاء الطفيلة لغاية 500م² للأبنية المقترحة ولا يزيد عن 1000م² للأبنية القائمة جرش عجلون تقل عن 500م² في إربد)","تدقيق المشاريع في الفروع الهندسية بحدود مساحية: عمان/الزرقاء/إربد ≤10000م² وأكثر↑عمان؛ مأدبا ≤3500؛ السلط ≤3000؛ الكرك ≤1500؛ المفرق/العقبة <1000؛ الطفيلة ≤500 مقترح و ≤1000 قائم؛ جرش/عجلون <500 عبر إربد",office-and-JEA,plan-audit-routing,area-and-governorate-thresholds,project-area-and-governorate,route-to-appropriate-branch-per-area-caps,none,specialized-projects-in-Amman-regardless-of-area,none,project-routed-to-correct-branch,project-mis-routed,office,JEA,at-plan-submission,,area,see_source_text_for_matrix,-,ROUTING_RULE,HIGH,CONFIRMED,"CRITICAL ROUTING RULE: multi-governorate + multi-area routing table. Affects ALL DRW-P-* services. NOT currently modeled in schema. Cross-service impact: workflow.routing."
JEA-TM2025-CH03-P044-001,كتاب التعليمات الفنية,2025,3,المخططات الهندسية وتقارير استطلاع الموقع وفحوصات المواد وحماية الحفرية,13,المشاريع الكبرى والمشاريع المتخصصة,44,001,"المشاريع الكبرى هي المشاريع التي تزيد مساحاتها عن 25000 م² أو التي تزيد اعماق الأبار السبرية المطلوب حفرها عن 350 متر طولي أو التي يزيد ارتفاعها عن 15 طابقاً","تعريف المشروع الكبير: مساحة > 25000 م² OR أعماق آبار سبرية > 350 م.ط OR ارتفاع > 15 طابق (أي شرط منها)",office,large-project-classification,any-single-threshold-crossed,project-area-gt-25000_m2 OR survey_depths_gt_350_lm OR height_gt_15_floors,classified-as-large-project,none,none,none,large-project-workflow-applies,mis-classification,office,office-and-JEA,at-classification,,area/depth/floors,area>25000 OR depth>350 OR floors>15,-,DIRECT,HIGH,CONFIRMED,"CRITICAL: definition rule for DRW-P-005 + SRV-004. Executable classification. NOTE: floors>15 aligns with the exploration-matrix >15-floor cutoff on p.230-232."
JEA-TM2025-CH03-P044-002,كتاب التعليمات الفنية,2025,3,المخططات الهندسية وتقارير استطلاع الموقع وفحوصات المواد وحماية الحفرية,13,المشاريع الكبرى والمشاريع المتخصصة,44,002,"يجوز تسجيل مساحة المشروع على سنتين فقط (سنة التعاقد وسنة لاحقة) وفي حال لم تتوفر الحصص تحال للهيئة","مساحة المشروع تُسجَّل على سنتين (سنة التعاقد + سنة لاحقة)؛ إذا لم تتوفر الحصص → إحالة إلى الهيئة",office,large-project-quota-allocation,quota-shortage,large-project-classified-AND-office-quota-insufficient,split-registration-over-2-years-or-refer-to-authority,none,quota-sufficient-in-year-1,none,project-registration-proceeds,project-referral,office,office-and-authority,at-registration,-,-,-,-,DIRECT,HIGH,CONFIRMED,"Quota split rule. Cross-references JORD-67/70/71 quota infrastructure. Impacts capacity guard."
JEA-TM2025-CH03-P044-003,كتاب التعليمات الفنية,2025,3,المخططات الهندسية وتقارير استطلاع الموقع وفحوصات المواد وحماية الحفرية,13,المشاريع الكبرى والمشاريع المتخصصة,44,003,"تدقق المشاريع الكبرى من خلال لجان تدقيق خارجية","المشاريع الكبرى تُدقَّق من خلال لجان خارجية",JEA,external-audit-committee,large-project-audit,project-classified-as-large,route-to-external-audit-committee,internal-branch-audit,none,none,external-committee-audit-workflow,mis-routing,JEA,external-committee,at-audit,-,-,-,-,DIRECT,HIGH,CONFIRMED,"Workflow routing for DRW-P-005 + SRV-004."
JEA-TM2025-CH03-P044-004,كتاب التعليمات الفنية,2025,3,المخططات الهندسية وتقارير استطلاع الموقع وفحوصات المواد وحماية الحفرية,14,الاحتفاظ بالمخططات,44,004,"تلتزم المكاتب والشركات الهندسية عند قيامها بممارسة العمل الهندسي الاستشاري باعداد ملفات كاملة لمشاريعها يشتمل كل منها على (أصول المخططات وعقد المقاولة وبرنامج العمل ومتطلباته والمذكرات الحسابية والاحتفاظ بها لمدة لا تقل عن عشر سنوات بعد تصديقها من النقابة)","الاحتفاظ بأصول المخططات + عقد المقاولة + برنامج العمل + المتطلبات + المذكرات الحسابية لمدة ≥ 10 سنوات بعد التصديق",office,plan-retention,post-approval,plans-approved-by-JEA,retention-of-full-file-for-min-10-years-post-approval,premature-destruction,none,none,professional-liability-covered,liability-question,office,office,post-approval,10-years,year,-,-,-,POST_SUBMISSION_OBLIGATION,HIGH,CONFIRMED,"Long-term office obligation. Cannot be enforced electronically but should be surfaced as reviewer/office-guidance manual reference."
JEA-TM2025-CH03-P045-001,كتاب التعليمات الفنية,2025,3,المخططات الهندسية وتقارير استطلاع الموقع وفحوصات المواد وحماية الحفرية,15,ملكية الوثائق والمخططات,45,001,"ان جميع المخططات والتصاميم المعتمدة والمعلومات المتعلقة بهذا المشروع على شكل ملفات الكترونية قابلة للنسخ ليس التعديل هي ملك لصاحب العمل لغايات تنفيذ المشروع محل العقد فقط ولا يحق للاستشاري تزويد اية جهات اخرى بنسخ منها الا بأخذ موافقة صاحب العمل على ذلك ويحق للاستشاري استعمال بعض عناصر التصميم لغايات استخدامها في مشاريع اخرى كما لا يحق لصاحب العمل استعمال تلك التصاميم في مشاريع اخرى دون الحصول على موافقة الاستشاري الخطية","ملكية المخططات المعتمدة (نسخة إلكترونية غير قابلة للتعديل) = صاحب العمل لتنفيذ المشروع فقط؛ لا يجوز للاستشاري إعطاء الآخرين نسخ إلا بموافقة صاحب العمل؛ يجوز للاستشاري استخدام عناصر تصميم في مشاريع أخرى؛ لا يجوز لصاحب العمل استخدام التصاميم في مشاريع أخرى دون موافقة الاستشاري الخطية",office-and-owner,plan-ownership-and-usage,post-approval,plans-approved,ownership-goes-to-owner-for-this-project-only-and-office-may-reuse-design-elements-in-other-projects-and-owner-may-not-reuse-designs-without-office-written-approval,unauthorized-copy-distribution-by-office-or-unauthorized-reuse-by-owner,none,none,legal-baseline-for-plan-usage,legal-dispute,office-and-owner,third-parties,post-approval,,-,-,-,REFERENCE_ONLY,HIGH,CONFIRMED,"Legal / IP baseline. Not executable at electronic-service level. Surface as reviewer/office guidance only."
JEA-TM2025-CH07-P092-001,كتاب التعليمات الفنية,2025,7,الحد الأدنى للأتعاب + التوزيع + الرواتب + البدلات + الرسوم,1,الحد الأدنى للأتعاب الهندسية اعتباراً من 2005/6/1,92,001,"منطقة أمانة عمان الكبرى: التصميم — سكن أخضر + (أ +ب) تجاري بأنواعه: 3.5 دينار/م² تصميم + 3.5 دينار/م² متابعة إشراف؛ مباني خاصة: 5.000 دينار/م² تصميم + 5.000 إشراف؛ سكن (ج + د): 2.50 + 2.50؛ شعبي ريفي زراعي صناعات بأنواعها: 2.00 + 2.00","مصفوفة أتعاب التصميم/م² في أمانة عمان الكبرى: (سكن أخضر أو تجاري أ+ب: 3.5+3.5) (مباني خاصة: 5.000+5.000) (سكن ج+د: 2.50+2.50) (شعبي/ريفي/زراعي/صناعي: 2.00+2.00)",office,design-fee-matrix,fee-calculation,building-in-Amman-Greater-Municipality-AND-classified-as-one-of-4-categories,fee-per-m2-per-matrix-row,none,none,none,fee-calculated,mis-priced,office,office-and-JEA,at-fee-calculation,,JOD_per_m2,fee_per_m2=matrix[Amman][class]_design+matrix[Amman][class]_supervision,-,DIRECT,HIGH,CONFIRMED,"Origin of JORD-63. Existing repo: DrawingFeeMatrixSeeder implements this. VERIFIED: aligns with existing fee matrix on DRW-P-*. Case C verified: applies to DRW-P-* only, NOT to survey services."
JEA-TM2025-CH07-P092-002,كتاب التعليمات الفنية,2025,7,الحد الأدنى للأتعاب + التوزيع + الرواتب + البدلات + الرسوم,1,الحد الأدنى للأتعاب الهندسية اعتباراً من 2005/6/1,92,002,"باقي مناطق المملكة: سكن أخضر + (أ + ب) تجاري بأنواعه: 2.50 + 2.50؛ مباني خاصة: 4.000 + 4.000؛ سكن (ج + د): 2.00 + 2.00؛ شعبي ريفي زراعي صناعات بأنواعها: 1.50 + 1.50","مصفوفة أتعاب باقي المناطق: (سكن أخضر/تجاري أ+ب: 2.50+2.50) (مباني خاصة: 4.000+4.000) (سكن ج+د: 2.00+2.00) (شعبي/ريفي/زراعي/صناعي: 1.50+1.50)",office,design-fee-matrix-rest-of-kingdom,fee-calculation,building-outside-Amman-Greater-Municipality-AND-classified-as-one-of-4-categories,fee-per-m2-per-matrix-row,none,none,none,fee-calculated,mis-priced,office,office-and-JEA,at-fee-calculation,,JOD_per_m2,fee_per_m2=matrix[rest][class]_design+matrix[rest][class]_supervision,-,DIRECT,HIGH,CONFIRMED,"Second half of JORD-63 fee matrix. Existing DrawingFeeMatrixSeeder collapses 12 governorates → 2 zones (Amman + rest) which matches this."
JEA-TM2025-CH07-P092-003,كتاب التعليمات الفنية,2025,7,الحد الأدنى للأتعاب + التوزيع + الرواتب + البدلات + الرسوم,1,الحد الأدنى للأتعاب الهندسية اعتباراً من 2005/6/1,92,003,"تعامل الأبنية القائمة كالأبنية المقترحة من حيث الأتعاب","الأبنية القائمة تُعامَل كالمقترحة لغايات الأتعاب",office,existing-building-fee-treatment,fee-calculation,building-classified-as-existing,apply-same-matrix-as-proposed-buildings,none,none,none,fee-calculated,mis-priced,office,office,at-fee-calculation,,-,fee=proposed_fee,-,DIRECT,HIGH,CONFIRMED,"Fee-parity rule. Applies to DRW-P-002. Affects fee calculator input classification only."
JEA-TM2025-CH07-P092-004,كتاب التعليمات الفنية,2025,7,الحد الأدنى للأتعاب + التوزيع + الرواتب + البدلات + الرسوم,1,الحد الأدنى للأتعاب الهندسية اعتباراً من 2005/6/1,92,004,"تحديد الحد الادنى لأتعاب مشاريع الطاقة الشمسية 4 دنانير لكل كيلوواط للتصميم ومثلها للإشراف","الحد الأدنى لأتعاب مشاريع الطاقة الشمسية = 4 JOD / kW تصميم + مثله للإشراف",office,solar-project-fee,fee-calculation,solar-project,fee-per-kW-at-minimum-4-JOD,none,none,none,fee-calculated,mis-priced,office,office,at-fee-calculation,,JOD_per_kW,fee=capacity_kw*4_design+capacity_kw*4_supervision,-,DIRECT,HIGH,CONFIRMED,"Origin of JORD-64-solar. Existing repo: SolarFeeSeeder implements 4 JOD/kW on DRW-P-006. VERIFIED alignment."
JEA-TM2025-CH07-P093-001,كتاب التعليمات الفنية,2025,7,الحد الأدنى للأتعاب + التوزيع + الرواتب + البدلات + الرسوم,1,الحد الأدنى للأتعاب الهندسية اعتباراً من 2005/6/1,93,001,"الحد الأدنى لأتعاب استطلاع الموقع للأبنية المقترحة (20) ديناراً للمتر الطولي","الحد الأدنى لأتعاب استطلاع الموقع للأبنية المقترحة = 20 JOD / م.ط",survey-office,site-survey-office-fee,fee-calculation,site-survey-of-proposed-building,fee-per-linear-meter-at-minimum-20-JOD,none,none,none,fee-calculated,mis-priced,survey-office,owner,at-fee-calculation,,JOD_per_lm,fee=length_lm*20_min,-,DIRECT,HIGH,CONFIRMED,"CRITICAL DISCREPANCY: manual says minimum fee for SITE-SURVEY OFFICE = 20 JOD/lm. Existing repo SiteSurveyFeesSeeder uses 0.15 JOD/lm (=150 fils/lm). See p.096-002 which is the SEPARATE 150 fils/lm JEA syndicate practice fee. The 0.15 JOD/lm currently on SRV-001..006 is the WRONG rate. Should be 20 JOD/lm office fee + 0.15 JOD/lm syndicate practice fee as a surcharge."
JEA-TM2025-CH07-P096-001,كتاب التعليمات الفنية,2025,7,الحد الأدنى للأتعاب + التوزيع + الرواتب + البدلات + الرسوم,4,الرسوم تتقاضاها النقابة,96,001,"تستوفي النقابة (1%) رسم اتعاب من اجمالي الاتعاب الهندسية التي تتقاضاها المكاتب الهندسية الأردنية وغير الأردنية عن ممارستها الاعمال الهندسية المختلفة","النقابة تستوفي 1% كرسم أتعاب من إجمالي الأتعاب الهندسية للمكاتب",JEA,syndicate-1pct-surcharge,fee-collection,office-collecting-engineering-fees,collect-1-percent-of-total-engineering-fees,none,none,none,syndicate-fee-collected,syndicate-fee-uncollected,office,JEA,at-fee-collection,,percent,surcharge=total_engineering_fees*0.01,-,DIRECT,HIGH,CONFIRMED,"Origin of JORD-65 syndicate 1%. Existing repo: FeeSurchargesSeeder applies 1% syndicate surcharge on DRW-P-* and SRV-001..006. VERIFIED alignment."
JEA-TM2025-CH07-P096-002,كتاب التعليمات الفنية,2025,7,الحد الأدنى للأتعاب + التوزيع + الرواتب + البدلات + الرسوم,4,الرسوم تتقاضاها النقابة,96,002,"تستوفي النقابة رسم ممارسة مهنة عن تدقيق مخططات ودراسات الاستشارية وتصديقها مقداره (40) فلساً لكل متر مربع عن المخططات الهندسية و (150) فلساً لكل متر طولي عن اعمال استطلاع الموقع وفحص التربة","رسم ممارسة مهنة تستوفيه النقابة: 40 فلساً/م² للمخططات + 150 فلساً/م.ط للاستطلاع وفحص التربة",JEA,practice-fee-for-audit,plan-or-survey-audit,plan-audit-or-survey-audit,collect-40-fils-per-m2-for-plans-and-150-fils-per-lm-for-survey-and-soil,none,none,none,practice-fee-collected,practice-fee-uncollected,office,JEA,at-fee-calculation,,JOD_per_m2 or JOD_per_lm,practice_fee_plans=area_m2*0.04 practice_fee_survey=length_lm*0.15,-,DIRECT,HIGH,CONFIRMED,"CRITICAL: this is the 150 fils/lm fee currently used in SiteSurveyFeesSeeder as THE survey fee. Per the manual, this is actually the JEA PROFESSIONAL PRACTICE FEE (a surcharge collected BY JEA), not the OFFICE FEE (which is p.093-001 = 20 JOD/lm). Also: 40 fils/m² is the plans practice fee — currently seeded via FeeSurchargesSeeder as 40 fils/m² drawing review — VERIFIED alignment for the 40 fils side."
JEA-TM2025-BOOK2-P219-001,كتاب التعليمات الفنية,2025,,الباب الثاني — متطلبات الحد الأدنى للمخططات,,المتطلبات الفنية لتقرير فحص الموقع,219,001,"يجب أن يشتمل تقرير فحص الموقع وكما هو وارد في كود استطلاع الموقع من حيث التفاصيل (الباب 2 المادة 3 البنود من 1 إلى 10) على ما يلي كحد أدنى (المقدمة + وصف عام للموقع + وصف عام للمنطقة من الناحية الجيولوجية + الدراسات الميدانية + استخراج العينات + الفحوصات الميدانية + الفحوصات المخبرية + طبيعة المواد في الموقع + تحليل النتائج + الاستنتاجات والتوصيات)","تقرير فحص الموقع (الحد الأدنى) يشتمل على 11 قسماً: (1) المقدمة (2) وصف عام للموقع (3) وصف عام للمنطقة جيولوجياً (4) الدراسات الميدانية (5) استخراج العينات (6) الفحوصات الميدانية (7) الفحوصات المخبرية (8) طبيعة المواد في الموقع (9) تحليل النتائج (10) الاستنتاجات والتوصيات (11) الاستنتاجات والتوصيات + المتطلبات الزلزالية",survey-office,site-report-technical-content,report-preparation,report-being-prepared,report-includes-all-11-required-sections-plus-seismic-requirements,none,none,none,report-content-complete,report-rejected,survey-office,survey-office-and-JEA,at-report-preparation,,-,-,-,DOCUMENT_CONTENT_REQUIREMENT,HIGH,CONFIRMED,"Origin of JORD-90. Applies to site_investigation_report on SRV-001..006. Reviewer-verified content. Not applicant-entered."
JEA-TM2025-BOOK2-P230-001,كتاب التعليمات الفنية,2025,,الباب الثاني — متطلبات الحد الأدنى للمخططات,,احتساب اعماق الآبار السبرية وعددها — جدول (1),230,001,"للمشاريع التي يقل عدد الأدوار عن 15 طابقاً حسب الجدول رقم (1) كود استطلاع الموقع: الحد الأدنى لعدد وعمق نقاط الاستكشاف مقاسا من منسوب التأسيس — يعطي عدد النقاط ومجموع الأعماق الطولية لكل توليفة (عدد الطوابق × مساحة الطابق)","جدول (1) الحد الأدنى لعدد وأعماق نقاط الاستكشاف — للمشاريع بعدد أدوار < 15 طابقاً؛ يُدخل: (عدد الطوابق) + (مساحة الطابق م²) → يُخرج: عدد النقاط + مجموع الأعماق (م.ط)",survey-office,exploration-count-and-depth-matrix,project-classification,project-with-less-than-15-floors,lookup-from-matrix-per-floor-count-x-floor-area-band,none,special-study-for-cells-marked-دراسة-خاصة,none,minimum-count-and-depth-enforced,under-exploration,survey-office,survey-office-and-JEA,at-report-preparation,,points-and-lm,minimum_points=matrix[floors][area] minimum_depth_lm=matrix[floors][area],ROUNDING_UNRESOLVED_for_derived_calculations,DIRECT,HIGH,CONFIRMED,"Origin of JORD-91 + the ExplorationRequirementMatrix engine. Applies to SRV-001 (proposed buildings). p.230 covers floors ≤3, 4, 5. Rounding rule for derived integer values (e.g. 2/3 splits) NOT specified."
JEA-TM2025-BOOK2-P231-001,كتاب التعليمات الفنية,2025,,الباب الثاني — متطلبات الحد الأدنى للمخططات,,احتساب اعماق الآبار السبرية وعددها — جدول (1) تكملة,231,001,"يضاف متر طولي واحد لكل بئر سبري بدل عمق التأسيس","يُضاف 1 م.ط لكل بئر سبري كبدل عمق التأسيس",survey-office,foundation-depth-adjustment,drilling-execution,drilling-a-borehole,add-1-lm-per-borehole-for-foundation-depth-allowance,none,none,none,total-depth-adjusted,under-depth,survey-office,survey-office,at-drilling,,lm,total_depth=matrix_depth+1_per_borehole,-,DIRECT,HIGH,CONFIRMED,"Depth adjustment rule. Existing repo ExplorationRequirementMatrix does NOT currently apply this +1 lm/borehole adjustment. DISCREPANCY candidate."
JEA-TM2025-BOOK2-P231-002,كتاب التعليمات الفنية,2025,,الباب الثاني — متطلبات الحد الأدنى للمخططات,,احتساب اعماق الآبار السبرية وعددها,231,002,"إذا كانت مساحة الطابق 1201م² — 3000م² يضاف بئر سبري كل 300م² أو جزء منها","لمساحة الطابق 1201-3000م²: يُضاف بئر سبري كل 300م² أو جزء منها",survey-office,extra-borehole-per-area-band,area-in-band,floor_area between 1201 and 3000 m2,add-1-borehole-per-300-m2-or-part,none,none,none,extra-boreholes-added,under-exploration,survey-office,survey-office,at-drilling-planning,,boreholes,extra_boreholes=ceil((floor_area-1200)/300),CEILING_IMPLIED_BY_'أو جزء منها',DIRECT,HIGH,CONFIRMED,"CRITICAL: for area 1201-3000m², EXPLICIT increment rule. 'أو جزء منها' (or part thereof) explicitly implies CEILING for this specific increment. NOT the same as the 2/3 or 1/3 rounding on p.239 which lacks such phrasing."
JEA-TM2025-BOOK2-P231-003,كتاب التعليمات الفنية,2025,,الباب الثاني — متطلبات الحد الأدنى للمخططات,,احتساب اعماق الآبار السبرية وعددها,231,003,"اذا كانت مساحة الطابق 3001م² فما فوق يضاف بئر سبري كل 400م² أو جزء منها","لمساحة الطابق > 3001م²: يُضاف بئر سبري كل 400م² أو جزء منها",survey-office,extra-borehole-per-area-band,area-above-3000,floor_area>3000_m2,add-1-borehole-per-400-m2-or-part,none,none,none,extra-boreholes-added,under-exploration,survey-office,survey-office,at-drilling-planning,,boreholes,extra_boreholes=ceil((floor_area-3000)/400),CEILING_IMPLIED_BY_'أو جزء منها',DIRECT,HIGH,CONFIRMED,"Second-tier area increment rule. Same CEILING implication as p.231-002."
JEA-TM2025-BOOK2-P232-001,كتاب التعليمات الفنية,2025,,الباب الثاني — متطلبات الحد الأدنى للمخططات,,احتساب اعماق الآبار السبرية للمشاريع >15 طابق,232,001,"المشاريع التي يزيد عدد الأدوار فيها عن 15 طابقاً — طبقاً للمشاريع الخاصة والأبراج: يكون عمق الأبار السبرية حسب الجدول المرفق (يعطي جدولاً بعدد الطوابق مقابل عمق الاستكشاف الأدنى للنقاط الثلاث والثنائية)","للمشاريع > 15 طابق: عمق الأبار حسب جدول (16-19: 30/22 م، 20-24: 35/26، ...حتى 100-104: 102/76)",survey-office,exploration-depths-for-high-rise,high-rise-project,floor_count>15,lookup-depths-from-Book2-p232-high-rise-table,none,none,none,depths-set-per-table,mis-depth,survey-office,survey-office,at-report-preparation,,lm,depth=high_rise_table[floors_band][points_count],-,DIRECT,HIGH,CONFIRMED,"p.232 high-rise depths table — OUT OF PILOT SCOPE per SRV-001 scope. Currently ExplorationRequirementMatrix classifies floors>15 as SPECIAL_STUDY_REQUIRED which is safe but not the full implementation."
JEA-TM2025-BOOK2-P232-002,كتاب التعليمات الفنية,2025,,الباب الثاني — متطلبات الحد الأدنى للمخططات,,احتساب اعماق الآبار السبرية للمشاريع >15 طابق,232,002,"اعتماد حد بئر سبري واحد لكل (200)م² أو جزء منها","للمشاريع >15 طابق: بئر سبري واحد لكل 200 م² أو جزء منها",survey-office,high-rise-borehole-density,high-rise-drilling,floor_count>15,1-borehole-per-200-m2-of-floor-area-or-part,none,none,none,borehole-count-set,under-drilling,survey-office,survey-office,at-drilling-planning,,boreholes,extra_boreholes=ceil(floor_area/200),CEILING_IMPLIED_BY_'أو جزء منها',DIRECT,HIGH,CONFIRMED,"High-rise borehole density rule. CEILING explicit."
JEA-TM2025-BOOK2-P239-001,كتاب التعليمات الفنية,2025,,الباب الثاني — متطلبات الحد الأدنى للمخططات,3.أ,تقارير استطلاع الموقع للأبنية القائمة — الدراسة المطلوبة,239,001,"يجب تقديم دراسة للبناء القائم لجميع مناطق المملكة وحسب التعليمات السارية واعتماداً على المخطط التنظيمي","دراسة للبناء القائم إلزامية في جميع مناطق المملكة (وفق التعليمات + المخطط التنظيمي)",owner-and-office,existing-building-study,building-is-existing,building-classified-as-existing,submission-of-study-for-existing-building,none,none,none,study-required,study-missing-blocks-progress,office,office-and-JEA,before-plan-approval,,-,-,-,DIRECT,HIGH,CONFIRMED,"SRV-002 baseline applicability rule. Applies to all Kingdom regions."
JEA-TM2025-BOOK2-P239-002,كتاب التعليمات الفنية,2025,,الباب الثاني — متطلبات الحد الأدنى للمخططات,3.أ,تقارير استطلاع الموقع للأبنية القائمة — الدراسة المطلوبة,239,002,"تقديم عقد استطلاع موقع لبناء قائم بعدد الأبار والأعماق وكما يعامل المبنى المقترح حالياً","عقد استطلاع موقع للبناء القائم بعدد الأبار والأعماق كما يُعامَل المبنى المقترح",owner-and-survey-office,existing-building-baseline,existing-building-study,study-being-prepared,use-proposed-building-baseline-for-well-count-and-depths,none,none,none,baseline-set,mis-sizing,office-and-survey-office,office,at-study-preparation,,-,baseline=proposed_building_matrix,-,DIRECT,HIGH,CONFIRMED,"CRITICAL / Case B: PROPOSED-BUILDING MATRIX is the BASELINE for existing-building surveys. This is the source rule for the 2/3 test-pit + 1/3 borehole derivation. Applies to SRV-002."
JEA-TM2025-BOOK2-P239-003,كتاب التعليمات الفنية,2025,,الباب الثاني — متطلبات الحد الأدنى للمخططات,3.أ,تقارير استطلاع الموقع للأبنية القائمة — الدراسة المطلوبة,239,003,"عمل حفر تجريبية بعدد ثلثي الآبار السبرية للأبنية المقترحة وحسب المساحة وعدد الطوابق","عدد الحفر التجريبية = 2/3 × عدد الآبار السبرية للأبنية المقترحة (وفق المساحة وعدد الطوابق)",survey-office,test-pit-count,existing-building-study,proposed_building_baseline_established,test_pit_count = two_thirds * proposed_baseline_borehole_count,none,none,none,test-pit-count-derived,mis-sizing,survey-office,survey-office,at-study-preparation,,pits,test_pit_count=2/3*baseline,ROUNDING_UNRESOLVED,DIRECT,HIGH,CONFIRMED_WITH_CONDITION,"CRITICAL / Case B: 2/3 rule. Rounding NOT specified. Unlike p.231-002/003 which use 'أو جزء منها' (CEILING), this rule uses raw fraction. NEEDS_JEA_CONFIRMATION for rounding."
JEA-TM2025-BOOK2-P239-004,كتاب التعليمات الفنية,2025,,الباب الثاني — متطلبات الحد الأدنى للمخططات,3.أ,تقارير استطلاع الموقع للأبنية القائمة — الدراسة المطلوبة,239,004,"حفر آبار سبرية بعدد ثلث الآبار السبرية للأبنية المقترحة وحسب المساحة وعدد الطوابق واذا تعذر ذلك يستعاض عنها بحفر تجريبية اضافية","عدد الآبار السبرية = 1/3 × عدد الآبار للمقترحة؛ إذا تعذر حفرها → استبدال بحفر تجريبية إضافية",survey-office,borehole-count,existing-building-study,proposed_building_baseline_established,borehole_count = one_third * proposed_baseline_borehole_count,none,drilling-blocked-substitute-with-extra-test-pits,extra-test-pits-substitute,borehole-count-derived,mis-sizing,survey-office,survey-office,at-study-preparation,,boreholes,borehole_count=1/3*baseline,ROUNDING_UNRESOLVED,DIRECT,HIGH,CONFIRMED_WITH_CONDITION,"CRITICAL / Case B: 1/3 rule + substitution when access is impossible. Rounding NOT specified. Applies to SRV-002."
JEA-TM2025-BOOK2-P239-005,كتاب التعليمات الفنية,2025,,الباب الثاني — متطلبات الحد الأدنى للمخططات,3.أ,تقارير استطلاع الموقع للأبنية القائمة — الدراسة المطلوبة,239,005,"الغرض من حفر الابار السبرية هو لمعرفة المواد الطبيعية تحت منسوب التأسيس","الغرض من الآبار السبرية للأبنية القائمة: معرفة المواد الطبيعية تحت منسوب التأسيس",survey-office,borehole-purpose,drilling,drilling-boreholes-for-existing-building,identify-natural-materials-below-foundation-level,none,none,none,purpose-documented,scope-question,survey-office,survey-office,at-drilling,,-,-,-,REFERENCE_ONLY,HIGH,CONFIRMED,"Descriptive rule — no direct executable effect."
JEA-TM2025-BOOK2-P239-006,كتاب التعليمات الفنية,2025,,الباب الثاني — متطلبات الحد الأدنى للمخططات,3.أ,تقارير استطلاع الموقع للأبنية القائمة — الدراسة المطلوبة,239,006,"الكشف من قبل النقابة على الموقع","الكشف من قبل النقابة على الموقع",JEA,site-inspection,existing-building-study,study-in-progress,JEA-conducts-site-inspection,none,none,none,inspection-recorded,workflow-blocked,JEA,office,at-study-review,,-,-,-,WORKFLOW_CONDITION,HIGH,CONFIRMED,"JEA site inspection is a distinct workflow stage for SRV-002 (over and above the auditor review). Existing repo: SurveyWorkflowsSeeder soilExistingWorkflow does not explicitly model a JEA site-inspection stage."
JEA-TM2025-BOOK2-P239-007,كتاب التعليمات الفنية,2025,,الباب الثاني — متطلبات الحد الأدنى للمخططات,3.ب,تقارير استطلاع الموقع للأبنية القائمة — الدراسات الإنشائية المطلوبة والفحوصات الأساسية,239,007,"في حال ترخيص أبنية قائمة، أو اضافة ابنية مقترحة فوق قائمة، أو تغير صفة الاستعمال فبالإضافة للدراسة المطلوبة في أعلاه يتم ما يلي: (1) الكشف الحسي على المبنى القائم لتحديد أية مشاكل إنشائية (تشققات، هبوط، انتفاخ، ...) وأية مشاكل في ديمومة الخرسانة (صدأ حديد التسليح، تآكل الخرسانة، ...)","في حالات LICENSING_EXISTING أو ADDITION_ABOVE_EXISTING أو CHANGE_OF_USE: يُضاف الكشف الحسي على المبنى القائم لتحديد المشاكل الإنشائية (تشققات + هبوط + انتفاخ) والديمومة (صدأ حديد + تآكل خرسانة)",office,sensory-inspection,special-case,building_case in {LICENSING_EXISTING, ADDITION_ABOVE_EXISTING, CHANGE_OF_USE},sensory-inspection-report-added,none,plain-existing-unlicensed-case-does-not-trigger-this,none,inspection-report-required,application-blocked,office,office-and-JEA,at-study-preparation,,-,-,-,CONDITIONAL_DOCUMENT,HIGH,CONFIRMED,"CRITICAL / Case B: §ب additional inspection triggered by 3 sub-cases. Note: ADDITION_ABOVE_EXISTING may be SRV-010 (survey re-approval with additions) rather than SRV-002. NEEDS_JEA_CONFIRMATION."
JEA-TM2025-BOOK2-P239-008,كتاب التعليمات الفنية,2025,,الباب الثاني — متطلبات الحد الأدنى للمخططات,3.ب,تقارير استطلاع الموقع للأبنية القائمة — الدراسات الإنشائية المطلوبة والفحوصات الأساسية,239,008,"(2) الكشف على الأساسات القائمة لتحديد (عمق الأساس + طبقة التأسيس + أبعاد الأساس + خصائص تربة التأسيس + نسبة الرطوبة وتسرب مياه + نوعية تربة الأساس وخصائصها الفيزيائية والميكانيكية والكيميائية + قوة الخرسانة في الأساس بعينات لبية)","الكشف على الأساسات القائمة: عمق الأساس + طبقة التأسيس + أبعاد الأساس + خصائص التربة + الرطوبة + تسرب مياه + النوعية الفيزيائية/الميكانيكية/الكيميائية + قوة الخرسانة (عينات لبية)",office,foundation-inspection,special-case,building_case in {LICENSING_EXISTING, ADDITION_ABOVE_EXISTING, CHANGE_OF_USE},foundation-inspection-report-added,none,plain-existing-unlicensed-case-does-not-trigger-this,none,foundation-report-required,application-blocked,office,office-and-JEA,at-study-preparation,,-,-,-,CONDITIONAL_DOCUMENT,HIGH,CONFIRMED,"Second §ب addition — foundation inspection with 6 required content items. Distinct from p.239-007."
JEA-TM2025-BOOK2-P240-001,كتاب التعليمات الفنية,2025,,الباب الثاني — متطلبات الحد الأدنى للمخططات,3.ب,تقارير استطلاع الموقع للأبنية القائمة — دراسات إنشائية إضافية,240,001,"(3) تحديد نوعية طبقات ما تحت الأساس وقوة تحمل تربة التأسيس — حفر آبار سبرية حسب متطلبات وتعليمات النقابة بخصوص متطلبات دراسة استطلاع الموقع ان امكن وصول اليات الحفر","تحديد طبقات تحت الأساس + قوة تحمل التربة — حفر آبار سبرية حسب متطلبات النقابة إن أمكن الوصول",office,sub-foundation-drilling,special-case,building_case in {LICENSING_EXISTING, ADDITION_ABOVE_EXISTING, CHANGE_OF_USE} AND drilling-access-possible,drill-boreholes-per-code,none,drilling-access-blocked,none,sub-foundation-data-recorded,data-missing,office-and-survey-office,office,at-study-preparation,,-,-,-,CONDITIONAL_DOCUMENT,HIGH,CONFIRMED,"Sub-foundation drilling — conditional on access. Cross-references access-blocked path from p.037-004."
JEA-TM2025-BOOK2-P240-002,كتاب التعليمات الفنية,2025,,الباب الثاني — متطلبات الحد الأدنى للمخططات,3.ب,تقارير استطلاع الموقع للأبنية القائمة — دراسات إنشائية إضافية,240,002,"(4) تحديد أبعاد العناصر الإنشائية الرئيسية (أعمدة جسور جدران عقدات) وعمل مخططات انشائية تمثل واقع الحال قدر الإمكان","تحديد أبعاد العناصر الإنشائية الرئيسية + مخططات إنشائية تمثل الواقع",office,structural-elements-mapping,special-case,building_case_triggers,dimension-columns-beams-walls-slabs-and-produce-as-built-drawings,none,none,none,as-built-drawings-produced,inaccurate-record,office,office,at-study-preparation,,-,-,-,CONDITIONAL_DOCUMENT,HIGH,CONFIRMED,"as-built structural drawings — SRV-002 conditional deliverable in §ب path."
JEA-TM2025-BOOK2-P240-003,كتاب التعليمات الفنية,2025,,الباب الثاني — متطلبات الحد الأدنى للمخططات,3.ب,تقارير استطلاع الموقع للأبنية القائمة — دراسات إنشائية إضافية,240,003,"(5) تحديد قوة تحمل خرسانة العناصر الإنشائية الرئيسية (عينات لبية) بالعدد المقترح حسب التعليمات السارية","قوة تحمل خرسانة العناصر (عينات لبية) بالعدد المقترح حسب التعليمات",office,concrete-strength-test,special-case,building_case_triggers,concrete-core-tests-per-instructions,none,none,none,concrete-strength-recorded,strength-unknown,office-and-materials-testing-office,office,at-study-preparation,,-,cores_per_instructions,-,CONDITIONAL_DOCUMENT,HIGH,CONFIRMED,"Concrete core testing — cross-service link to SRV-008 or SRV-009 (materials testing)."
JEA-TM2025-BOOK2-P240-004,كتاب التعليمات الفنية,2025,,الباب الثاني — متطلبات الحد الأدنى للمخططات,3.ب,تقارير استطلاع الموقع للأبنية القائمة — دراسات إنشائية إضافية,240,004,"(6) تحديد مقاطع تسليح بعض العناصر الإنشائية (عدد وأقطار وتوزيع حديد التسليح) للعناصر الممثلة وبالعدد المقترح حسب كودات البناء الوطني","مقاطع التسليح (عدد + أقطار + توزيع) للعناصر الممثلة حسب كود البناء الوطني",office,reinforcement-mapping,special-case,building_case_triggers,rebar-cross-sections-per-national-code,none,none,none,rebar-recorded,rebar-unknown,office,office,at-study-preparation,,-,-,-,CONDITIONAL_DOCUMENT,HIGH,CONFIRMED,"Rebar cross-sections — technical content requirement."
JEA-TM2025-BOOK2-P240-005,كتاب التعليمات الفنية,2025,,الباب الثاني — متطلبات الحد الأدنى للمخططات,3.ب,تقارير استطلاع الموقع للأبنية القائمة — دراسات إنشائية إضافية,240,005,"(7) تقديم تقرير فني بنتائج الفحوصات ليتم الإستفادة منه في التحليل الإنشائي ويتضمن كافة التوصيات","تقرير فني بنتائج الفحوصات + توصيات",office,technical-report-with-recommendations,special-case,building_case_triggers,submission-of-technical-report-with-test-results-and-recommendations,none,none,none,technical-report-recorded,application-blocked,office,office-and-JEA,at-study-completion,,-,-,-,CONDITIONAL_DOCUMENT,HIGH,CONFIRMED,"Structural technical report — the §ب item 7 deliverable."
JEA-TM2025-BOOK2-P240-006,كتاب التعليمات الفنية,2025,,الباب الثاني — متطلبات الحد الأدنى للمخططات,3.ب,تقارير استطلاع الموقع للأبنية القائمة — دراسات إنشائية إضافية,240,006,"(8) يتم تقديم التقرير الى النقابة للتدقيق والمصادقة عليه حسب الاصول","تقديم التقرير للنقابة للتدقيق والمصادقة",office,technical-report-submission,special-case,technical-report-ready,submission-to-JEA,none,none,none,report-enters-audit,application-blocked,office,JEA,at-report-ready,,-,-,-,WORKFLOW_CONDITION,HIGH,CONFIRMED,"Workflow rule — direct submission to JEA."
JEA-TM2025-BOOK2-P240-007,كتاب التعليمات الفنية,2025,,الباب الثاني — متطلبات الحد الأدنى للمخططات,3.ب,تقارير استطلاع الموقع للأبنية القائمة — دراسات إنشائية إضافية,240,007,"(9) مطابقة الدراسة اعلاه مع المخططات ان وجدت وتقديم الدراسة للدائرة الهندسية لإجازتها","مطابقة الدراسة مع المخططات + تقديمها للدائرة الهندسية للإجازة",office-and-JEA,study-plan-matching,special-case,study-and-drawings-both-exist,cross-check-and-submission-to-engineering-department,none,none,none,study-approved,application-blocked,office-and-JEA,office,at-plan-cross-check,,-,-,-,WORKFLOW_CONDITION,HIGH,CONFIRMED,"Cross-check between study and drawings — reviewer verification stage."
JEA-TM2025-BOOK2-P240-008,كتاب التعليمات الفنية,2025,,الباب الثاني — متطلبات الحد الأدنى للمخططات,3.ب,تقارير استطلاع الموقع للأبنية القائمة — دراسات إنشائية إضافية,240,008,"(10) يجب ان تكون الفحوصات المخبرية صادرة من مكتب فحص مواد معتمد فيما يتعلق بالمواد وان يتم تحليل النتائج وإعطاء التوصيات وإصدار تقرير استطلاع الموقع حسب الأصول المتبعة","الفحوصات المخبرية تصدر من مكتب فحص مواد معتمد + تحليل + توصيات + إصدار تقرير الاستطلاع",office-and-materials-office,lab-tests,special-case,laboratory-tests-required,tests-from-JEA-approved-materials-testing-office,tests-from-non-approved-office,none,none,tests-valid,tests-rejected,office-and-materials-office,office-and-JEA,at-tests,,-,-,-,VALIDATION_RULE,HIGH,CONFIRMED,"Cross-service link: SRV-002 references SRV-008/009 (materials-testing office approval). Reviewer verifies office is JEA-approved."
