REQ_ID,AREA,GROUND_TRUTH_ANCHOR,DESCRIPTION,CURRENT_CODE_LOCATION,CODE_STATUS,SOURCE_STATUS,BUSINESS_APPROVAL_STATUS,IMPLEMENTATION_AUTHORIZATION,PUBLICATION_AUTHORIZATION,BLOCKING_ODS,NOTES
TD-REQ-001,platform,GT §3.1,Laravel 13 / PHP 8.3+ / React 18 / TS 5 / PostgreSQL 15+ Modular Monolith,confirmed by composer.json + package.json,IMPLEMENTED,SOURCE_CONFIRMED,BUSINESS_APPROVED (SG-* series operated within this),IMPLEMENTATION_AUTHORIZED,PUBLICATION_AUTHORIZED,none,foundational
TD-REQ-002,ownership,GT §3.1,Ownership default inside JeaServices; no independent module without ADR,Modules/JeaServices/,IMPLEMENTED,SOURCE_CONFIRMED,BUSINESS_APPROVED,IMPLEMENTATION_AUTHORIZED,PUBLICATION_AUTHORIZED,none,foundational
TD-REQ-003,platform,GT §3.1,Deterministic calculations + fail-closed + UI-engine separation + snapshots,CalculationSnapshot + ServiceCalculationPolicy,IMPLEMENTED (SG-04+05),SOURCE_CONFIRMED,BUSINESS_APPROVED,IMPLEMENTATION_AUTHORIZED,PUBLICATION_AUTHORIZED,none,foundational
TD-REQ-010,submission,GT §3.2,Applications exclusively via engineering offices,ApplicationController::store gated on isApplicant(),IMPLEMENTED,SOURCE_CONFIRMED,BUSINESS_APPROVED,IMPLEMENTATION_AUTHORIZED,PUBLICATION_AUTHORIZED,none,already in code
TD-REQ-011,submission,GT §3.2,Auto verification (eligibility/quota/specialisations/blocking notes) BEFORE technical routing,CapacityGuard + SanctionGuard + CadastralConflictGuard + OwnerMatchClearanceGuard via CrossCuttingSubmissionPipeline,IMPLEMENTED (pipeline runs before service-guard),SOURCE_CONFIRMED,BUSINESS_APPROVED,IMPLEMENTATION_AUTHORIZED,PUBLICATION_AUTHORIZED,none,order verified
TD-REQ-012,submission,GT §3.2,Shared eligibility contract — no quota-logic replay inside the service,Application does not re-run quota logic; QuotaLedger owns write-side,IMPLEMENTED,SOURCE_CONFIRMED,BUSINESS_APPROVED,IMPLEMENTATION_AUTHORIZED,PUBLICATION_AUTHORIZED,none,DG-11 register enforces this
TD-REQ-013,submission,GT §3.2,Post-submit edits limited to PartialEditGrant scope,not implemented; Application::isEditable allows draft + modifications_requested wholesale,MISSING,SOURCE_CONFIRMED,BUSINESS_APPROVAL_UNVERIFIED (needs SRS §? verification),IMPLEMENTATION_BLOCKED_UNTIL_OD_29_OR_SRS_SPEC,PUBLICATION_BLOCKED,OD-29,PartialEditGrant scope not specified in Ground Truth
TD-REQ-014,submission,GT §3.2,Super-admin return BEFORE payment only with mandatory reason,not implemented,MISSING,SOURCE_CONFIRMED,BUSINESS_APPROVAL_UNVERIFIED,IMPLEMENTATION_AUTHORIZED (mechanism-only),PUBLICATION_BLOCKED,none,mechanism can be built; reason validation trivial
TD-REQ-020,workflow,GT §3.3,"State chain: Draft → Office_Check → Technical_Reviewer_1 → Technical_Reviewer_2 → Approved_Technically → Pending_Payment → Paid → (Sensory_Inspection | Financial_Clearance) → Certificate_Issuance → Completed",Application::STATUS_* has 7 states (draft submitted under_review modifications_requested approved rejected certificate_issued); target has ~11,PARTIAL,SOURCE_CONFIRMED (matrix per SRS §9.3 as summarised),BUSINESS_APPROVAL_UNVERIFIED,IMPLEMENTATION_AUTHORIZED (state-machine addition; non-numeric),PUBLICATION_BLOCKED,OD-18 (post-second-auditor),partial state-machine delta
TD-REQ-021,workflow,GT §3.3 + FR-SS-051,Rejection note MANDATORY; acceptance note OPTIONAL,not implemented at state-machine level; free-text field only,MISSING,SOURCE_CONFIRMED,BUSINESS_APPROVAL_UNVERIFIED,IMPLEMENTATION_AUTHORIZED,PUBLICATION_BLOCKED,none,mechanism trivially implementable
TD-REQ-022,workflow,GT §3.3 + FR-SS-049,After return to originating office, prevent re-assignment to a different office,not implemented,MISSING,SOURCE_CONFIRMED,BUSINESS_APPROVAL_UNVERIFIED,IMPLEMENTATION_AUTHORIZED,PUBLICATION_BLOCKED,none,cross-office block; implementable via constraint on applicant_id
TD-REQ-023,workflow,GT §3.3 + FR-SS-062,Every path terminates with a conformance certificate (compliance),cert issuance path exists (CertificatesController::issue + WorkflowEngine::issueCertificate); path completeness not audited,PARTIAL,SOURCE_CONFIRMED_PRINCIPLE_BLOCKED_IMPLEMENTATION,BUSINESS_APPROVAL_UNVERIFIED,IMPLEMENTATION_BLOCKED_UNTIL_STATE_MACHINE_TARGET,PUBLICATION_BLOCKED,see GT §3.3 note,marker in Ground Truth: "المتطلب مؤكد المبدأ, BLOCKED تنفيذيًا"
TD-REQ-030,path,GT §3.4,DEFERRED path: office → 2nd auditor → accept/reject → pay → receipts → proposed → sensory → clearance → certificate,not implemented; only proposed variant exists,MISSING,SOURCE_CONFIRMED,BUSINESS_APPROVAL_UNVERIFIED,IMPLEMENTATION_AUTHORIZED_STRUCTURE_ONLY,PUBLICATION_BLOCKED,TBD-6 TBD-7 GAP-03,path skeleton implementable; excavation gate blocked by GAP-03
TD-REQ-031,path,GT §3.4,Quota-coalition path: office1 → office2 (accept/reject) → sell quota → fees + tax → receipts,not implemented,MISSING,SOURCE_CONFIRMED,BUSINESS_APPROVAL_UNVERIFIED,IMPLEMENTATION_BLOCKED_UNTIL_TBD-8_TBD-9,PUBLICATION_BLOCKED,TBD-8 TBD-9,quota unit + ordering unresolved
TD-REQ-032,path,GT §3.4,"Duplicate/clearance identity: (parcel+basin+basin_name) + owner + symmetric type within 5 years; exceptions: different owner OR expiry; two-project state: justification letter OR clearance PDF",not implemented (SG-* wired OwnerMatchClearanceGuard for cross-cutting owner match; deeper 5-year identity not implemented),PARTIAL,SOURCE_CONFIRMED,BUSINESS_APPROVAL_UNVERIFIED,IMPLEMENTATION_AUTHORIZED (data model + windowing implementable),PUBLICATION_BLOCKED,none,5-year window + identity tuple implementable
TD-REQ-033,path,GT §3.4 + FR-SS-059,Testing certificate validity: dynamic configuration default 5 years,not implemented,MISSING,SOURCE_CONFIRMED,BUSINESS_APPROVAL_UNVERIFIED,IMPLEMENTATION_AUTHORIZED,PUBLICATION_AUTHORIZED (mechanism-only),none,configurable retention window
TD-REQ-040,calculation,GT §3.5 + BR-002,Largest floor area is basis for wells count; snapshot the reference floor,current WellsCountCalculator uses total floor_area (not per-floor max),PARTIAL,SOURCE_CONFIRMED,BUSINESS_APPROVAL_UNVERIFIED (rule text confirmed; band values still PROVISIONAL),IMPLEMENTATION_AUTHORIZED (structural),PUBLICATION_BLOCKED,OD-07 (801-1000 band) OD-11 (min floors),structural change; numeric outputs remain PROVISIONAL until OD closure
TD-REQ-041,calculation,GT §3.5,Wells count bands: 0-200→2 201-600→3 601-800→4 1001-1200→6 1201-3000→6+1/300m² (801-1000 is CONF-01),current WellsCountCalculator matches SIX of the seven bands; 801-1000 is CONFLICTED,PARTIAL,SOURCE_CONFIRMED_EXCEPT_801_1000,BUSINESS_APPROVAL_UNVERIFIED,IMPLEMENTATION_AUTHORIZED_MINUS_CONF_01_BAND,PUBLICATION_BLOCKED,OD-07,band 801-1000 blocked
TD-REQ-042,calculation,GT §3.5,"Policy pin: 3000m² → 12 wells (governance example)","tested? unclear","VERIFY_TEST",SOURCE_CONFIRMED,BUSINESS_APPROVAL_UNVERIFIED,IMPLEMENTATION_AUTHORIZED,PUBLICATION_BLOCKED,none,characterization pin available
TD-REQ-043,calculation,GT §3.5,Above 15 floors = tower/mega project (edge unresolved: 15 itself vs 16+ = CONF-05),ExplorationRequirementMatrix returns SPECIAL_STUDY for floors 9+ (WORKAROUND — actual tower threshold 15 not implemented),PARTIAL,SOURCE_CONFIRMED_EDGE_CONFLICTED,BUSINESS_APPROVAL_UNVERIFIED,IMPLEMENTATION_BLOCKED_UNTIL_OD_20,PUBLICATION_BLOCKED,OD-20,tower/mega classification not modelled
TD-REQ-044,fee,GT §3.5,Engineering-services value = net_depth × 10 minimum,not implemented,MISSING,SOURCE_CONFIRMED_MINIMUM,BUSINESS_APPROVAL_UNVERIFIED,IMPLEMENTATION_BLOCKED_UNTIL_OD_01,PUBLICATION_BLOCKED,OD-01 OD-19,fee formula base blocked
TD-REQ-045,fee,GT §3.5,Sales tax 16%,not implemented for SRV-001; existing services carry per_unit surcharges,MISSING,SOURCE_CONFIRMED,BUSINESS_APPROVAL_UNVERIFIED,IMPLEMENTATION_AUTHORIZED (rate configurable),PUBLICATION_BLOCKED,OD-19,tax rate itself is CONFIRMED
TD-REQ-046,fee,GT §3.5,Social-responsibility = wells × 20 × 0.008,not implemented,MISSING,SOURCE_CONFIRMED_TENTATIVE,BUSINESS_APPROVAL_UNVERIFIED,IMPLEMENTATION_BLOCKED_UNTIL_OD_01,PUBLICATION_BLOCKED,OD-01,formula labelled "مبدئيًا" in Ground Truth §3.5
TD-REQ-047,fee,GT §3.5,Survey fee = wells × 20 × 0.01,not implemented,MISSING,SOURCE_CONFIRMED_TENTATIVE,BUSINESS_APPROVAL_UNVERIFIED,IMPLEMENTATION_BLOCKED_UNTIL_OD_01,PUBLICATION_BLOCKED,OD-01,same as above
TD-REQ-050,attachments,GT §3.6,Two photos per well + one general site photo + PDF report + topographic (PDF/DWG/image),partial: site_investigation_report REPORT (PDF 25MB) already in Srv001PilotSeeder; per-well photos + topographic not modelled,PARTIAL,SOURCE_CONFIRMED,BUSINESS_APPROVAL_UNVERIFIED,IMPLEMENTATION_AUTHORIZED,PUBLICATION_BLOCKED,OD-24 (file size 500MB/4MB),structure implementable; total-size limit blocked
TD-REQ-051,attachments,GT §3.6,Chunked resumable upload + MIME/magic + quarantine + signed URLs + attachment versioning,partial: PdfOrDwgFile rule + magic bytes exists; resumable upload not verified; signed URLs used in cert path only,PARTIAL,SOURCE_CONFIRMED,BUSINESS_APPROVAL_UNVERIFIED,IMPLEMENTATION_AUTHORIZED,PUBLICATION_BLOCKED,OD-24 OD-27,implementable
TD-REQ-060,cross-cutting,GT §3.3 + SG-*,Cross-cutting submission pipeline runs before service-specific guard,CrossCuttingSubmissionPipeline + ServiceSubmissionGuardRegistry order established in WorkflowEngine::submit and ApplicationController::submit,IMPLEMENTED,SOURCE_CONFIRMED,BUSINESS_APPROVED (SG-* established this),IMPLEMENTATION_AUTHORIZED,PUBLICATION_AUTHORIZED,none,foundation invariant
TD-REQ-070,activation-gate,SG-02 + RC-02,Runtime activation gate on catalog + creation + submission + payment + certificate,ServiceCatalogController + ApplicationController::store,submit + PaymentsController::initiate + CertificatesController::issue all consult ServiceAvailabilityPolicy,IMPLEMENTED,SOURCE_CONFIRMED (foundation),BUSINESS_APPROVED,IMPLEMENTATION_AUTHORIZED,PUBLICATION_AUTHORIZED,none,RC-02 closure
TD-REQ-080,concurrency,SG-03 + RC-03,Concurrent publish serialised per service via ServiceDefinition::lockForUpdate,ServiceVersionPublisher L48,IMPLEMENTED,SOURCE_CONFIRMED,BUSINESS_APPROVED,IMPLEMENTATION_AUTHORIZED,PUBLICATION_AUTHORIZED,none,RC-03 closure
TD-REQ-090,integrations,GT §7,Oracle/BURA256/BURA235/BURA514/DLS integration contracts + System of Record per field,not implemented; DLS Key is field-only,MISSING,SOURCE_ASSERTED_UNRESOLVED,BUSINESS_APPROVAL_UNVERIFIED,IMPLEMENTATION_BLOCKED_UNTIL_OD_30,PUBLICATION_BLOCKED,OD-30,external contracts absent
TD-REQ-100,gaps,GT §5 GAP-01,Committees replace first auditor for energy projects — model + quorum,not implemented,MISSING,SOURCE_FLOWCHART_ONLY,BUSINESS_APPROVAL_UNVERIFIED,IMPLEMENTATION_BLOCKED_UNTIL_OD_31,PUBLICATION_BLOCKED,OD-31 (proposed),flowchart-only source
TD-REQ-101,gaps,GT §5 GAP-02,Second auditor substitution for first — conditions + logging,not implemented,MISSING,SOURCE_FLOWCHART_ONLY,BUSINESS_APPROVAL_UNVERIFIED,IMPLEMENTATION_BLOCKED_UNTIL_OD_32,PUBLICATION_BLOCKED,OD-32 (proposed),flowchart-only source
TD-REQ-102,gaps,GT §5 GAP-03,Excavation-completed gate before sensory inspection,not implemented,MISSING,SOURCE_FLOWCHART_ONLY,BUSINESS_APPROVAL_UNVERIFIED,IMPLEMENTATION_BLOCKED_UNTIL_OD_33,PUBLICATION_BLOCKED,OD-33 (proposed),flowchart-only source
TD-REQ-103,gaps,GT §5 GAP-04,Service-type dimension (path vs filter) for sensory/mega/modification,unresolved in ground truth,UNCLEAR,SOURCE_CONFLICTED,BUSINESS_APPROVAL_UNVERIFIED,IMPLEMENTATION_BLOCKED_UNTIL_OD_29,PUBLICATION_BLOCKED,OD-29,architectural clarification needed
TD-REQ-104,gaps,GT §5 GAP-05,"RTM linkage: FR-SS-011/012 attribution to Calculation Engine — editorial only",editorial only,NO_CODE_IMPACT,SOURCE_EDITORIAL,N/A,N/A,N/A,none,editorial correction outside program scope
TD-REQ-110,integration,GT §3.4,DLS integration (deferred by pilot),Srv001PilotSeeder L297 dls_key field marked NEEDS_JEA_API,MECHANISM_ONLY,SOURCE_CONFIRMED_DEFERRED,BUSINESS_APPROVAL_UNVERIFIED,IMPLEMENTATION_BLOCKED_UNTIL_OD_30,PUBLICATION_BLOCKED,OD-30,pilot deliberately excluded DLS integration
